{"cameraMode":{"drawMode":0,"name":"Shaded","section":"Shading Mode"},"sceneLighting":true,"audioPlay":false,"sceneViewState":{"m_AlwaysRefresh":false,"showFog":true,"showSkybox":true,"showFlares":true,"showImageEffects":true,"showParticleSystems":true,"showVisualEffectGraphs":true,"m_FxEnabled":true},"in2DMode":false,"pivot":{"x":0.09173472970724106,"y":-0.08192714303731919,"z":1.090000033378601},"rotation":{"x":0.08830776065587998,"y":0.04182333126664162,"z":-0.00371296308003366,"w":0.9952214360237122},"size":0.0012124202912673355,"orthographic":true}